{"stats":{"minecraft:picked_up":{"minecraft:charcoal":1,"minecraft:crafting_table":4,"minecraft:leather":8,"minecraft:smoker":2,"minecraft:porkchop":6,"minecraft:oak_log":7,"minecraft:raw_copper":26,"minecraft:cooked_mutton":1,"minecraft:rotten_flesh":8,"minecraft:wheat_seeds":3,"minecraft:beef":20,"minecraft:oak_sapling":1,"minecraft:chest":1,"minecraft:mutton":3,"minecraft:coal":11,"minecraft:white_wool":2,"minecraft:cobblestone":16,"minecraft:furnace":1},"minecraft:custom":{"minecraft:time_since_rest":17607,"minecraft:waystone_activated":3,"minecraft:interact_with_furnace":5,"minecraft:sprint_one_cm":89191,"minecraft:damage_taken":545,"minecraft:walk_one_cm":57823,"minecraft:mob_kills":21,"minecraft:drop":8,"minecraft:damage_dealt":3968,"minecraft:interact_with_campfire":3,"minecraft:swim_one_cm":8761,"minecraft:interact_with_crafting_table":6,"minecraft:fly_one_cm":194597,"minecraft:open_chest":1,"minecraft:crouch_one_cm":2546,"minecraft:play_time":48662,"minecraft:deaths":1,"minecraft:sneak_time":536,"minecraft:bell_ring":2,"minecraft:walk_under_water_one_cm":1484,"minecraft:jump":883,"minecraft:leave_game":1,"minecraft:walk_on_water_one_cm":1857,"minecraft:time_since_death":17582,"minecraft:climb_one_cm":1290,"minecraft:total_world_time":48662,"minecraft:interact_with_smoker":9,"minecraft:fall_one_cm":27111},"minecraft:killed":{"minecraft:sheep":2,"minecraft:husk":5,"minecraft:pig":3,"friendsandfoes:moobloom":3,"minecraft:spider":2,"minecraft:cow":6},"minecraft:crafted":{"minecraft:cooked_beef":8,"minecraft:oak_planks":28,"minecraft:crafting_table":1,"minecraft:stick":8,"minecraft:wooden_pickaxe":1,"minecraft:stone_pickaxe":1,"minecraft:wooden_axe":1,"minecraft:furnace":1,"minecraft:stone_axe":1,"minecraft:air":0,"minecraft:cooked_mutton":0},"minecraft:broken":{"minecraft:wooden_axe":1},"minecraft:mined":{"minecraft:furnace":1,"minecraft:smoker":2,"minecraft:crafting_table":4,"minecraft:grass":17,"minecraft:coal_ore":11,"minecraft:oak_log":7,"minecraft:chest":1,"minecraft:copper_ore":6,"minecraft:tall_grass":5,"minecraft:stone":15,"minecraft:oak_leaves":1},"minecraft:used":{"minecraft:cooked_mutton":3,"waystones:waystone":3,"minecraft:wooden_axe":33,"minecraft:stone_pickaxe":33,"minecraft:oak_planks":4,"minecraft:chest":1,"minecraft:wooden_pickaxe":13,"minecraft:rotten_flesh":3,"minecraft:stone_axe":13,"minecraft:cobblestone":1,"minecraft:crafting_table":4,"minecraft:furnace":1,"minecraft:oak_sapling":1,"minecraft:cooked_beef":2,"minecraft:smoker":1},"minecraft:killed_by":{"minecraft:husk":1},"minecraft:dropped":{"minecraft:wheat_seeds":3,"minecraft:raw_copper":6,"minecraft:rotten_flesh":5,"minecraft:wooden_pickaxe":1}},"DataVersion":3465}