{"stats":{"minecraft:custom":{"minecraft:jump":35,"minecraft:time_since_rest":8554,"minecraft:waystone_activated":1,"minecraft:crouch_one_cm":208,"minecraft:leave_game":1,"minecraft:sprint_one_cm":1864,"minecraft:play_time":8554,"minecraft:damage_taken":40,"minecraft:time_since_death":8554,"minecraft:walk_one_cm":3876,"minecraft:sneak_time":55,"minecraft:total_world_time":8554,"minecraft:fall_one_cm":1304,"minecraft:fly_one_cm":5107},"minecraft:used":{"waystones:waystone":1}},"DataVersion":3465}