{"stats":{"minecraft:custom":{"minecraft:jump":37,"minecraft:time_since_rest":12662,"minecraft:waystone_activated":1,"minecraft:crouch_one_cm":247,"minecraft:leave_game":1,"minecraft:sprint_one_cm":1864,"minecraft:play_time":12662,"minecraft:damage_taken":55,"minecraft:time_since_death":12662,"minecraft:walk_one_cm":3969,"minecraft:sneak_time":67,"minecraft:total_world_time":12662,"minecraft:fall_one_cm":1304,"minecraft:fly_one_cm":5147},"minecraft:used":{"waystones:waystone":1}},"DataVersion":3465}