{"stats":{"minecraft:picked_up":{"minecraft:fishing_rod":1,"minecraft:charcoal":1,"minecraft:crafting_table":6,"minecraft:lilac":3,"minecraft:feather":2,"minecraft:cooked_beef":6,"illagerinvasion:platinum_chunk":3,"minecraft:andesite":1,"minecraft:leather":8,"minecraft:red_mushroom":5,"minecraft:smoker":4,"minecraft:magenta_dye":5,"supplementaries:flax_seeds":3,"minecraft:oak_log":7,"minecraft:dirt":1,"minecraft:string":3,"minecraft:raw_copper":26,"minecraft:cooked_mutton":1,"minecraft:wheat_seeds":4,"minecraft:bell":1,"minecraft:beef":20,"minecraft:stone_pickaxe":1,"minecraft:chest":1,"minecraft:egg":1,"minecraft:furnace":1,"minecraft:raw_iron":22,"minecraft:cooked_porkchop":3,"minecraft:brush":1,"minecraft:porkchop":6,"minecraft:white_bed":1,"minecraft:arrow":6,"minecraft:rotten_flesh":10,"minecraft:beetroot_seeds":1,"minecraft:emerald":5,"minecraft:gold_ingot":1,"minecraft:oak_sapling":1,"minecraft:mutton":12,"minecraft:coal":126,"minecraft:white_wool":8,"minecraft:cobblestone":33},"minecraft:custom":{"minecraft:interact_with_smithing_table":1,"minecraft:interact_with_furnace":5,"minecraft:mob_kills":39,"minecraft:interact_with_crafting_table":7,"minecraft:open_barrel":2,"minecraft:interact_with_campfire":6,"minecraft:bell_ring":6,"minecraft:leave_game":1,"minecraft:time_since_death":33561,"minecraft:sleep_in_bed":3,"minecraft:climb_one_cm":2833,"minecraft:time_since_rest":85,"minecraft:waystone_activated":3,"minecraft:sprint_one_cm":207814,"minecraft:damage_taken":2245,"minecraft:walk_one_cm":104402,"minecraft:drop":29,"minecraft:damage_dealt":6954,"minecraft:swim_one_cm":58217,"minecraft:fly_one_cm":467430,"minecraft:open_chest":15,"minecraft:crouch_one_cm":7383,"minecraft:play_time":84662,"minecraft:deaths":2,"minecraft:sneak_time":1923,"minecraft:walk_under_water_one_cm":5901,"minecraft:interact_with_lectern":3,"minecraft:jump":2206,"minecraft:walk_on_water_one_cm":6271,"minecraft:interact_with_smoker":16,"minecraft:total_world_time":84662,"minecraft:fall_one_cm":75995},"minecraft:killed":{"minecraft:husk":5,"minecraft:pig":3,"minecraft:spider":5,"alexsmobs:seagull":2,"minecraft:sheep":8,"minecraft:pillager":5,"minecraft:zombie":2,"friendsandfoes:moobloom":3,"minecraft:cow":6},"minecraft:crafted":{"minecraft:cooked_beef":8,"minecraft:magenta_bed":1,"minecraft:oak_planks":28,"minecraft:cooked_porkchop":0,"minecraft:crafting_table":1,"minecraft:wooden_pickaxe":1,"minecraft:furnace":1,"minecraft:stone_axe":1,"minecraft:cooked_mutton":3,"minecraft:air":0,"minecraft:stick":8,"minecraft:stone_pickaxe":1,"minecraft:wooden_axe":1,"minecraft:white_bed":1,"minecraft:magenta_dye":6},"minecraft:broken":{"minecraft:wooden_axe":1},"minecraft:mined":{"minecraft:white_bed":1,"minecraft:smoker":4,"minecraft:crafting_table":6,"minecraft:chest":1,"supplementaries:wild_flax":3,"minecraft:tall_grass":9,"minecraft:copper_ore":6,"farmersdelight:wild_beetroots":1,"minecraft:tall_seagrass":4,"minecraft:red_stained_glass_pane":2,"minecraft:pink_petals":1,"supplementaries:urn":1,"minecraft:seagrass":2,"minecraft:furnace":1,"minecraft:iron_ore":22,"minecraft:lilac":3,"minecraft:andesite":1,"minecraft:grass":35,"minecraft:oak_log":7,"minecraft:coal_ore":41,"minecraft:dirt":1,"minecraft:stone":32,"minecraft:oak_leaves":1,"minecraft:fern":1},"minecraft:used":{"minecraft:cooked_mutton":9,"minecraft:leather_leggings":1,"minecraft:stone_pickaxe":106,"minecraft:baked_potato":2,"minecraft:oak_planks":4,"minecraft:leather_chestplate":1,"minecraft:chest":1,"minecraft:wooden_pickaxe":13,"minecraft:bell":1,"minecraft:leather_boots":1,"minecraft:rotten_flesh":4,"minecraft:white_wool":1,"minecraft:dirt":1,"minecraft:crafting_table":5,"minecraft:magenta_bed":1,"minecraft:mushroom_stew":2,"minecraft:white_bed":1,"minecraft:smoker":3,"waystones:waystone":3,"minecraft:wooden_axe":33,"minecraft:bread":2,"minecraft:stone_axe":49,"minecraft:cobblestone":14,"minecraft:bow":8,"minecraft:oak_sapling":1,"minecraft:furnace":1,"minecraft:cooked_porkchop":2,"minecraft:andesite":1,"minecraft:egg":1,"minecraft:brush":12,"minecraft:cooked_beef":9},"minecraft:killed_by":{"minecraft:husk":1},"minecraft:dropped":{"minecraft:wheat_seeds":4,"minecraft:raw_copper":6,"minecraft:bowl":2,"minecraft:feather":2,"minecraft:rotten_flesh":6,"minecraft:red_mushroom":5,"supplementaries:flax_seeds":3,"illagerinvasion:platinum_chunk":3,"minecraft:mutton":2,"minecraft:beetroot_seeds":1,"minecraft:arrow":4,"minecraft:bow":1,"minecraft:magenta_dye":10,"minecraft:stone_pickaxe":1,"minecraft:wooden_pickaxe":1,"minecraft:white_wool":4}},"DataVersion":3465}