{"stats":{"minecraft:picked_up":{"minecraft:charcoal":1,"minecraft:crafting_table":2,"minecraft:smoker":1,"minecraft:oak_log":7,"minecraft:cooked_mutton":1,"minecraft:rotten_flesh":8,"minecraft:wheat_seeds":3,"minecraft:oak_sapling":1,"minecraft:chest":1,"minecraft:mutton":3,"minecraft:white_wool":2,"minecraft:cobblestone":12,"minecraft:furnace":1},"minecraft:custom":{"minecraft:time_since_rest":5607,"minecraft:waystone_activated":3,"minecraft:interact_with_furnace":5,"minecraft:sprint_one_cm":48721,"minecraft:damage_taken":525,"minecraft:walk_one_cm":45618,"minecraft:mob_kills":9,"minecraft:drop":4,"minecraft:damage_dealt":2768,"minecraft:interact_with_crafting_table":5,"minecraft:fly_one_cm":106233,"minecraft:open_chest":1,"minecraft:crouch_one_cm":600,"minecraft:play_time":36662,"minecraft:deaths":1,"minecraft:sneak_time":115,"minecraft:bell_ring":2,"minecraft:jump":519,"minecraft:leave_game":1,"minecraft:time_since_death":5582,"minecraft:climb_one_cm":1191,"minecraft:total_world_time":36662,"minecraft:interact_with_smoker":2,"minecraft:fall_one_cm":12588},"minecraft:crafted":{"minecraft:oak_planks":28,"minecraft:crafting_table":1,"minecraft:stick":8,"minecraft:wooden_pickaxe":1,"minecraft:stone_pickaxe":1,"minecraft:wooden_axe":1,"minecraft:furnace":1,"minecraft:cooked_mutton":0},"minecraft:killed":{"minecraft:sheep":2,"minecraft:husk":5,"minecraft:spider":2},"minecraft:broken":{"minecraft:wooden_axe":1},"minecraft:mined":{"minecraft:furnace":1,"minecraft:smoker":1,"minecraft:crafting_table":2,"minecraft:grass":17,"minecraft:oak_log":7,"minecraft:chest":1,"minecraft:tall_grass":5,"minecraft:stone":11,"minecraft:oak_leaves":1},"minecraft:used":{"minecraft:cooked_mutton":2,"waystones:waystone":3,"minecraft:wooden_axe":33,"minecraft:stone_pickaxe":11,"minecraft:oak_planks":4,"minecraft:chest":1,"minecraft:wooden_pickaxe":13,"minecraft:rotten_flesh":3,"minecraft:crafting_table":3,"minecraft:furnace":1,"minecraft:oak_sapling":1},"minecraft:killed_by":{"minecraft:husk":1},"minecraft:dropped":{"minecraft:wheat_seeds":3,"minecraft:rotten_flesh":3}},"DataVersion":3465}