{"stats":{"minecraft:picked_up":{"minecraft:fishing_rod":1,"minecraft:charcoal":1,"minecraft:crafting_table":6,"minecraft:cooked_beef":6,"illagerinvasion:platinum_chunk":3,"minecraft:andesite":1,"minecraft:leather":8,"minecraft:smoker":2,"minecraft:oak_log":7,"minecraft:dirt":1,"minecraft:string":1,"minecraft:raw_copper":26,"minecraft:cooked_mutton":1,"minecraft:wheat_seeds":4,"minecraft:bell":1,"minecraft:beef":20,"minecraft:stone_pickaxe":1,"minecraft:chest":1,"minecraft:egg":1,"minecraft:furnace":1,"minecraft:raw_iron":22,"minecraft:brush":1,"minecraft:porkchop":6,"minecraft:white_bed":1,"minecraft:arrow":6,"minecraft:rotten_flesh":8,"minecraft:emerald":5,"minecraft:gold_ingot":1,"minecraft:oak_sapling":1,"minecraft:mutton":5,"minecraft:coal":41,"minecraft:white_wool":3,"minecraft:cobblestone":33},"minecraft:custom":{"minecraft:interact_with_smithing_table":1,"minecraft:interact_with_furnace":5,"minecraft:mob_kills":28,"minecraft:interact_with_crafting_table":7,"minecraft:open_barrel":2,"minecraft:interact_with_campfire":6,"minecraft:bell_ring":6,"minecraft:leave_game":1,"minecraft:time_since_death":21561,"minecraft:sleep_in_bed":2,"minecraft:climb_one_cm":2595,"minecraft:time_since_rest":8601,"minecraft:waystone_activated":3,"minecraft:sprint_one_cm":170924,"minecraft:damage_taken":1763,"minecraft:walk_one_cm":90208,"minecraft:drop":18,"minecraft:damage_dealt":5539,"minecraft:swim_one_cm":16236,"minecraft:fly_one_cm":377471,"minecraft:open_chest":15,"minecraft:crouch_one_cm":7348,"minecraft:play_time":72662,"minecraft:deaths":2,"minecraft:sneak_time":1830,"minecraft:walk_under_water_one_cm":4156,"minecraft:interact_with_lectern":3,"minecraft:jump":1794,"minecraft:walk_on_water_one_cm":5065,"minecraft:interact_with_smoker":9,"minecraft:total_world_time":72662,"minecraft:fall_one_cm":64243},"minecraft:killed":{"minecraft:husk":5,"minecraft:pig":3,"minecraft:spider":3,"minecraft:sheep":3,"minecraft:pillager":5,"friendsandfoes:moobloom":3,"minecraft:cow":6},"minecraft:crafted":{"minecraft:cooked_beef":8,"minecraft:oak_planks":28,"minecraft:crafting_table":1,"minecraft:wooden_pickaxe":1,"minecraft:furnace":1,"minecraft:stone_axe":1,"minecraft:cooked_mutton":0,"minecraft:air":0,"minecraft:stick":8,"minecraft:stone_pickaxe":1,"minecraft:wooden_axe":1,"minecraft:white_bed":1},"minecraft:broken":{"minecraft:wooden_axe":1},"minecraft:mined":{"minecraft:white_bed":1,"minecraft:smoker":2,"minecraft:crafting_table":6,"minecraft:chest":1,"minecraft:tall_grass":8,"minecraft:copper_ore":6,"minecraft:red_stained_glass_pane":2,"minecraft:pink_petals":1,"supplementaries:urn":1,"minecraft:seagrass":1,"minecraft:furnace":1,"minecraft:iron_ore":22,"minecraft:andesite":1,"minecraft:grass":31,"minecraft:oak_log":7,"minecraft:coal_ore":41,"minecraft:dirt":1,"minecraft:stone":32,"minecraft:oak_leaves":1},"minecraft:used":{"minecraft:cooked_mutton":3,"minecraft:leather_leggings":1,"minecraft:stone_pickaxe":104,"minecraft:baked_potato":2,"minecraft:oak_planks":4,"minecraft:leather_chestplate":1,"minecraft:chest":1,"minecraft:wooden_pickaxe":13,"minecraft:bell":1,"minecraft:leather_boots":1,"minecraft:rotten_flesh":3,"minecraft:dirt":1,"minecraft:crafting_table":5,"minecraft:mushroom_stew":2,"minecraft:white_bed":1,"minecraft:smoker":1,"waystones:waystone":3,"minecraft:wooden_axe":33,"minecraft:bread":2,"minecraft:stone_axe":31,"minecraft:cobblestone":14,"minecraft:bow":8,"minecraft:oak_sapling":1,"minecraft:furnace":1,"minecraft:andesite":1,"minecraft:egg":1,"minecraft:brush":10,"minecraft:cooked_beef":9},"minecraft:killed_by":{"minecraft:husk":1},"minecraft:dropped":{"minecraft:wheat_seeds":4,"minecraft:raw_copper":6,"minecraft:bowl":2,"minecraft:rotten_flesh":5,"illagerinvasion:platinum_chunk":3,"minecraft:mutton":2,"minecraft:arrow":4,"minecraft:bow":1,"minecraft:stone_pickaxe":1,"minecraft:wooden_pickaxe":1}},"DataVersion":3465}