{"stats":{"minecraft:picked_up":{"minecraft:fishing_rod":1,"minecraft:charcoal":1,"minecraft:crafting_table":4,"minecraft:cooked_beef":6,"minecraft:andesite":1,"minecraft:leather":8,"minecraft:smoker":2,"minecraft:oak_log":7,"minecraft:string":1,"minecraft:raw_copper":26,"minecraft:cooked_mutton":1,"minecraft:wheat_seeds":4,"minecraft:beef":20,"minecraft:stone_pickaxe":1,"minecraft:chest":1,"minecraft:egg":1,"minecraft:furnace":1,"minecraft:raw_iron":20,"minecraft:brush":1,"minecraft:porkchop":6,"minecraft:rotten_flesh":8,"minecraft:gold_ingot":1,"minecraft:oak_sapling":1,"minecraft:mutton":5,"minecraft:coal":41,"minecraft:white_wool":3,"minecraft:cobblestone":29},"minecraft:custom":{"minecraft:interact_with_furnace":5,"minecraft:mob_kills":23,"minecraft:interact_with_crafting_table":6,"minecraft:interact_with_campfire":6,"minecraft:bell_ring":2,"minecraft:leave_game":1,"minecraft:time_since_death":9561,"minecraft:climb_one_cm":1807,"minecraft:time_since_rest":9591,"minecraft:waystone_activated":3,"minecraft:sprint_one_cm":128734,"minecraft:damage_taken":1025,"minecraft:walk_one_cm":75932,"minecraft:drop":12,"minecraft:damage_dealt":4208,"minecraft:swim_one_cm":9373,"minecraft:fly_one_cm":284955,"minecraft:open_chest":1,"minecraft:crouch_one_cm":6892,"minecraft:play_time":60662,"minecraft:deaths":2,"minecraft:sneak_time":1489,"minecraft:walk_under_water_one_cm":1547,"minecraft:interact_with_lectern":3,"minecraft:jump":1378,"minecraft:walk_on_water_one_cm":3950,"minecraft:interact_with_smoker":9,"minecraft:total_world_time":60662,"minecraft:fall_one_cm":49451},"minecraft:killed":{"minecraft:husk":5,"minecraft:pig":3,"minecraft:spider":3,"minecraft:sheep":3,"friendsandfoes:moobloom":3,"minecraft:cow":6},"minecraft:crafted":{"minecraft:cooked_beef":8,"minecraft:oak_planks":28,"minecraft:crafting_table":1,"minecraft:wooden_pickaxe":1,"minecraft:furnace":1,"minecraft:stone_axe":1,"minecraft:cooked_mutton":0,"minecraft:air":0,"minecraft:stick":8,"minecraft:stone_pickaxe":1,"minecraft:wooden_axe":1},"minecraft:broken":{"minecraft:wooden_axe":1},"minecraft:mined":{"minecraft:smoker":2,"minecraft:crafting_table":4,"minecraft:chest":1,"minecraft:tall_grass":6,"minecraft:copper_ore":6,"minecraft:red_stained_glass_pane":2,"supplementaries:urn":1,"minecraft:furnace":1,"minecraft:iron_ore":20,"minecraft:andesite":1,"minecraft:grass":21,"minecraft:oak_log":7,"minecraft:coal_ore":41,"minecraft:stone":28,"minecraft:oak_leaves":1},"minecraft:used":{"minecraft:cooked_mutton":3,"minecraft:leather_leggings":1,"minecraft:stone_pickaxe":98,"minecraft:oak_planks":4,"minecraft:leather_chestplate":1,"minecraft:chest":1,"minecraft:wooden_pickaxe":13,"minecraft:leather_boots":1,"minecraft:rotten_flesh":3,"minecraft:crafting_table":4,"minecraft:smoker":1,"waystones:waystone":3,"minecraft:wooden_axe":33,"minecraft:stone_axe":16,"minecraft:cobblestone":14,"minecraft:oak_sapling":1,"minecraft:furnace":1,"minecraft:andesite":1,"minecraft:egg":1,"minecraft:cooked_beef":6},"minecraft:killed_by":{"minecraft:husk":1},"minecraft:dropped":{"minecraft:wheat_seeds":4,"minecraft:raw_copper":6,"minecraft:rotten_flesh":5,"minecraft:mutton":2,"minecraft:stone_pickaxe":1,"minecraft:wooden_pickaxe":1}},"DataVersion":3465}