{"stats":{"minecraft:picked_up":{"minecraft:fishing_rod":1,"minecraft:charcoal":3,"minecraft:crafting_table":8,"minecraft:allium":1,"illagerinvasion:platinum_chunk":3,"minecraft:brown_mushroom":1,"minecraft:string":3,"minecraft:raw_copper":26,"minecraft:beef":20,"minecraft:chest":1,"minecraft:furnace":2,"minecraft:egg":1,"minecraft:raw_iron":23,"minecraft:porkchop":6,"minecraft:arrow":6,"minecraft:rotten_flesh":10,"minecraft:beetroot_seeds":1,"farmersdelight:onion":1,"minecraft:gold_ingot":1,"minecraft:mutton":12,"minecraft:white_wool":8,"minecraft:cobblestone":33,"minecraft:cooked_beef":6,"minecraft:feather":2,"minecraft:lilac":3,"minecraft:andesite":1,"minecraft:leather":8,"minecraft:smoker":5,"minecraft:red_mushroom":5,"minecraft:magenta_dye":5,"delightful:cantaloupe":1,"minecraft:oak_log":7,"supplementaries:flax_seeds":3,"minecraft:magenta_bed":2,"minecraft:dirt":1,"minecraft:cooked_mutton":1,"minecraft:bone":1,"minecraft:bow":1,"minecraft:wheat_seeds":11,"minecraft:bell":1,"minecraft:stone_pickaxe":1,"minecraft:book":3,"minecraft:cooked_porkchop":3,"minecraft:brush":1,"minecraft:white_bed":1,"minecraft:emerald":5,"minecraft:oak_sapling":1,"minecraft:coal":209},"minecraft:custom":{"minecraft:interact_with_smithing_table":1,"minecraft:mob_kills":40,"minecraft:interact_with_crafting_table":14,"minecraft:open_barrel":14,"minecraft:interact_with_campfire":6,"minecraft:bell_ring":6,"minecraft:leave_game":1,"minecraft:time_since_death":57561,"minecraft:climb_one_cm":9804,"minecraft:sprint_one_cm":268466,"minecraft:walk_one_cm":128238,"minecraft:drop":42,"minecraft:talked_to_villager":1,"minecraft:play_time":108662,"minecraft:deaths":2,"minecraft:sneak_time":2623,"minecraft:walk_under_water_one_cm":9102,"minecraft:interact_with_lectern":3,"minecraft:jump":2777,"minecraft:walk_on_water_one_cm":9947,"minecraft:total_world_time":108662,"minecraft:interact_with_furnace":14,"minecraft:sleep_in_bed":5,"minecraft:time_since_rest":5940,"minecraft:waystone_activated":3,"minecraft:damage_taken":2649,"minecraft:damage_dealt":7057,"minecraft:swim_one_cm":73840,"minecraft:fly_one_cm":608062,"minecraft:open_chest":17,"minecraft:crouch_one_cm":8321,"minecraft:interact_with_smoker":18,"minecraft:fall_one_cm":94350},"minecraft:killed":{"minecraft:spider":5,"alexsmobs:seagull":2,"minecraft:skeleton":1,"minecraft:husk":5,"minecraft:pig":3,"minecraft:sheep":8,"minecraft:pillager":5,"minecraft:zombie":2,"friendsandfoes:moobloom":3,"minecraft:cow":6},"minecraft:crafted":{"minecraft:oak_planks":28,"minecraft:furnace":1,"minecraft:cooked_mutton":3,"minecraft:iron_boots":1,"minecraft:stone_pickaxe":1,"backpacked:backpack":1,"minecraft:magenta_dye":6,"minecraft:cooked_beef":8,"minecraft:magenta_bed":1,"minecraft:cooked_porkchop":0,"minecraft:crafting_table":1,"minecraft:wooden_pickaxe":1,"minecraft:iron_helmet":1,"minecraft:bucket":1,"minecraft:stone_axe":1,"minecraft:air":0,"minecraft:iron_chestplate":1,"minecraft:stick":12,"minecraft:iron_ingot":26,"minecraft:iron_pickaxe":1,"minecraft:wooden_axe":1,"minecraft:white_bed":1},"minecraft:broken":{"minecraft:stone_pickaxe":1,"minecraft:wooden_axe":1},"minecraft:used":{"minecraft:chest":1,"minecraft:bell":1,"minecraft:rotten_flesh":4,"minecraft:dirt":1,"minecraft:allium":1,"minecraft:wooden_axe":33,"minecraft:bow":8,"minecraft:furnace":2,"minecraft:oak_sapling":1,"minecraft:egg":1,"minecraft:cooked_beef":9,"minecraft:cooked_mutton":9,"minecraft:water_bucket":4,"minecraft:leather_leggings":1,"minecraft:oak_planks":4,"minecraft:stone_pickaxe":124,"minecraft:baked_potato":2,"minecraft:wooden_pickaxe":13,"minecraft:leather_chestplate":1,"minecraft:leather_boots":1,"minecraft:white_wool":1,"farmersdelight:onion":3,"minecraft:crafting_table":7,"minecraft:mushroom_stew":2,"minecraft:magenta_bed":2,"minecraft:white_bed":1,"minecraft:smoker":3,"minecraft:book":3,"waystones:waystone":3,"minecraft:bread":5,"minecraft:iron_pickaxe":7,"minecraft:stone_axe":53,"minecraft:cobblestone":14,"minecraft:cooked_porkchop":6,"minecraft:andesite":1,"minecraft:bucket":4,"minecraft:brush":14},"minecraft:mined":{"minecraft:white_bed":1,"minecraft:red_stained_glass_pane":2,"farmersdelight:wild_onions":1,"minecraft:tall_seagrass":4,"minecraft:furnace":2,"minecraft:iron_ore":23,"minecraft:andesite":1,"minecraft:bookshelf":1,"minecraft:stone":32,"minecraft:smoker":5,"minecraft:crafting_table":8,"minecraft:chest":1,"supplementaries:wild_flax":3,"minecraft:copper_ore":6,"minecraft:tall_grass":32,"supplementaries:urn":1,"minecraft:pink_petals":1,"minecraft:seagrass":2,"farmersdelight:wild_beetroots":1,"minecraft:magenta_bed":2,"minecraft:lilac":3,"minecraft:grass":86,"minecraft:coal_ore":63,"minecraft:oak_log":7,"minecraft:dirt":1,"minecraft:oak_leaves":2,"minecraft:fern":4},"minecraft:killed_by":{"minecraft:husk":1},"minecraft:dropped":{"minecraft:brown_mushroom":1,"minecraft:wheat_seeds":11,"minecraft:feather":2,"minecraft:coal":1,"minecraft:red_mushroom":5,"illagerinvasion:platinum_chunk":3,"minecraft:mutton":2,"minecraft:white_wool":4,"minecraft:bone":1,"minecraft:raw_copper":6,"minecraft:bowl":2,"minecraft:rotten_flesh":6,"minecraft:leather_chestplate":1,"supplementaries:flax_seeds":3,"minecraft:beetroot_seeds":1,"minecraft:leather_boots":1,"minecraft:arrow":4,"minecraft:bow":2,"minecraft:magenta_dye":10,"minecraft:wooden_pickaxe":1,"minecraft:stone_pickaxe":1}},"DataVersion":3465}