{"stats":{"minecraft:custom":{"minecraft:jump":177,"minecraft:damage_dealt":150,"minecraft:time_since_rest":24662,"minecraft:waystone_activated":3,"minecraft:crouch_one_cm":526,"minecraft:leave_game":1,"minecraft:sprint_one_cm":18145,"minecraft:play_time":24662,"minecraft:damage_taken":85,"minecraft:time_since_death":24662,"minecraft:walk_one_cm":22453,"minecraft:sneak_time":88,"minecraft:climb_one_cm":497,"minecraft:total_world_time":24662,"minecraft:fall_one_cm":2558,"minecraft:fly_one_cm":37310},"minecraft:used":{"waystones:waystone":3},"minecraft:mined":{"minecraft:tall_grass":2,"minecraft:grass":4}},"DataVersion":3465}