{"stats":{"minecraft:picked_up":{"minecraft:coarse_dirt":1,"minecraft:crafting_table":1,"minecraft:lilac":3,"minecraft:leather":1,"minecraft:brown_wool":1,"minecraft:oak_log":13,"minecraft:yellow_bed":2,"minecraft:lapis_lazuli":9,"minecraft:cornflower":1,"minecraft:string":2,"minecraft:dirt":31,"twigs:opaline_seashell":2,"minecraft:kelp":1,"minecraft:stone_bricks":2,"minecraft:cracked_stone_bricks":1,"delightful:mini_melon":9,"minecraft:wheat_seeds":2,"twigs:pebble":3,"delightful:acorn":1,"minecraft:beef":2,"minecraft:rose_bush":2,"minecraft:mossy_stone_bricks":7,"minecraft:sugar_cane":7,"minecraft:furnace":2,"minecraft:egg":3,"minecraft:raw_iron":3,"minecraft:sandstone":27,"minecraft:pumpkin":2,"minecraft:torch":8,"minecraft:gravel":2,"twigs:bronzed_seashell":2,"minecraft:sand":144,"minecraft:diorite":1,"minecraft:rotten_flesh":1,"minecraft:gray_wool":1,"minecraft:oak_sapling":4,"minecraft:mutton":3,"twigs:tangerine_seashell":1,"minecraft:coal":35,"minecraft:cobblestone":30},"minecraft:custom":{"minecraft:interact_with_furnace":15,"minecraft:mob_kills":6,"minecraft:interact_with_crafting_table":9,"minecraft:leave_game":4,"minecraft:time_since_death":22126,"minecraft:sleep_in_bed":2,"minecraft:climb_one_cm":691,"minecraft:time_since_rest":22151,"minecraft:waystone_activated":2,"minecraft:sprint_one_cm":88001,"minecraft:damage_taken":745,"minecraft:walk_one_cm":118074,"minecraft:drop":15,"minecraft:damage_dealt":869,"minecraft:swim_one_cm":20941,"minecraft:fly_one_cm":123535,"minecraft:open_chest":4,"minecraft:crouch_one_cm":1431,"minecraft:play_time":47685,"minecraft:deaths":1,"minecraft:sneak_time":1382,"minecraft:walk_under_water_one_cm":26471,"minecraft:jump":936,"minecraft:walk_on_water_one_cm":19576,"minecraft:total_world_time":47685,"minecraft:fall_one_cm":30868},"minecraft:killed":{"minecraft:spider":1,"minecraft:sheep":2,"minecraft:zombie":1,"minecraft:cow":2},"minecraft:crafted":{"minecraft:cooked_beef":2,"minecraft:oak_planks":40,"minecraft:stone_shovel":1,"minecraft:oak_sign":3,"minecraft:crafting_table":4,"minecraft:wooden_pickaxe":1,"minecraft:furnace":1,"minecraft:cooked_mutton":3,"minecraft:air":0,"minecraft:stick":12,"quark:oak_chest":1,"minecraft:stone_pickaxe":1,"minecraft:stone_sword":1,"minecraft:torch":8,"minecraft:magenta_dye":6},"minecraft:mined":{"minecraft:crafting_table":1,"minecraft:torch":3,"minecraft:grass_block":7,"minecraft:rose_bush":2,"minecraft:lapis_ore":1,"biomesoplenty:huge_clover_petal":12,"minecraft:sugar_cane":4,"minecraft:diorite":1,"minecraft:sandstone":39,"minecraft:wall_torch":2,"minecraft:coarse_dirt":1,"minecraft:furnace":2,"minecraft:iron_ore":3,"twigs:tangerine_seashell":1,"minecraft:lilac":3,"minecraft:pumpkin":2,"twigs:bronzed_seashell":2,"minecraft:yellow_bed":2,"minecraft:grass":16,"biomesoplenty:clover":1,"minecraft:coal_ore":32,"minecraft:oak_log":13,"delightful:mini_melon":9,"minecraft:gravel":2,"minecraft:sand":140,"minecraft:dirt":4,"minecraft:cracked_stone_bricks":1,"minecraft:stone":33,"minecraft:stone_bricks":2,"minecraft:mossy_stone_bricks":7,"twigs:opaline_seashell":2},"minecraft:used":{"minecraft:cooked_mutton":3,"minecraft:stone_sword":21,"minecraft:stone_shovel":110,"minecraft:stone_pickaxe":115,"minecraft:oak_sign":2,"minecraft:wooden_pickaxe":71,"minecraft:sandstone":27,"minecraft:torch":8,"minecraft:dirt":21,"minecraft:sand":109,"minecraft:crafting_table":5,"minecraft:oak_log":3,"twigs:bronzed_seashell":3,"minecraft:furnace":3,"twigs:opaline_seashell":1,"minecraft:yellow_bed":2,"minecraft:egg":1,"quark:oak_chest":1,"minecraft:cooked_beef":2,"minecraft:coarse_dirt":1,"delightful:acorn":1},"minecraft:killed_by":{"minecraft:creeper":1},"minecraft:dropped":{"minecraft:gravel":2,"minecraft:wheat_seeds":1,"minecraft:cobblestone":5,"minecraft:rotten_flesh":1,"minecraft:cracked_stone_bricks":1,"minecraft:oak_sign":1,"twigs:pebble":3,"minecraft:dirt":3,"minecraft:diorite":1,"minecraft:mossy_stone_bricks":7,"minecraft:stone_bricks":2,"minecraft:magenta_dye":6,"minecraft:egg":1}},"DataVersion":3465}