{"stats":{"minecraft:picked_up":{"minecraft:crafting_table":1,"minecraft:oak_log":13,"minecraft:diorite":1,"minecraft:yellow_bed":2,"minecraft:dirt":2,"twigs:opaline_seashell":2,"minecraft:rotten_flesh":1,"minecraft:wheat_seeds":1,"delightful:acorn":1,"minecraft:oak_sapling":4,"minecraft:cobblestone":12,"minecraft:egg":3},"minecraft:custom":{"minecraft:time_since_rest":1427,"minecraft:waystone_activated":2,"minecraft:sprint_one_cm":27912,"minecraft:damage_taken":145,"minecraft:walk_one_cm":40116,"minecraft:mob_kills":1,"minecraft:drop":5,"minecraft:damage_dealt":199,"minecraft:interact_with_crafting_table":3,"minecraft:fly_one_cm":30154,"minecraft:open_chest":1,"minecraft:crouch_one_cm":14,"minecraft:play_time":12828,"minecraft:sneak_time":2,"minecraft:walk_under_water_one_cm":327,"minecraft:jump":185,"minecraft:leave_game":3,"minecraft:time_since_death":12828,"minecraft:walk_on_water_one_cm":3083,"minecraft:sleep_in_bed":1,"minecraft:total_world_time":12828,"minecraft:fall_one_cm":5799},"minecraft:killed":{"minecraft:zombie":1},"minecraft:crafted":{"minecraft:oak_planks":28,"minecraft:crafting_table":2,"minecraft:stick":4,"minecraft:wooden_pickaxe":1,"minecraft:stone_sword":1},"minecraft:mined":{"minecraft:yellow_bed":2,"minecraft:crafting_table":1,"minecraft:grass":3,"minecraft:grass_block":1,"minecraft:oak_log":13,"minecraft:dirt":1,"minecraft:stone":12,"minecraft:diorite":1,"twigs:opaline_seashell":2},"minecraft:used":{"minecraft:oak_log":3,"minecraft:stone_sword":4,"minecraft:wooden_pickaxe":19,"minecraft:crafting_table":2,"twigs:opaline_seashell":1,"minecraft:yellow_bed":1,"minecraft:egg":1,"delightful:acorn":1},"minecraft:dropped":{"minecraft:dirt":1,"minecraft:wheat_seeds":1,"minecraft:diorite":1,"minecraft:rotten_flesh":1,"minecraft:egg":1}},"DataVersion":3465}