{"stats":{"minecraft:picked_up":{"minecraft:coarse_dirt":1,"minecraft:crafting_table":1,"minecraft:lilac":3,"minecraft:leather":1,"minecraft:brown_wool":1,"minecraft:oak_log":23,"minecraft:yellow_bed":2,"minecraft:cornflower":1,"minecraft:lapis_lazuli":9,"minecraft:string":2,"minecraft:dirt":40,"twigs:opaline_seashell":2,"minecraft:beetroot":1,"minecraft:stone_bricks":2,"minecraft:kelp":1,"minecraft:cracked_stone_bricks":1,"delightful:mini_melon":9,"minecraft:wheat_seeds":2,"delightful:acorn":1,"twigs:pebble":3,"minecraft:beef":2,"minecraft:stone_pickaxe":1,"minecraft:rose_bush":2,"minecraft:mossy_stone_bricks":7,"twigs:twig":3,"minecraft:sugar_cane":7,"minecraft:egg":3,"minecraft:furnace":2,"minecraft:raw_iron":6,"minecraft:sandstone":27,"minecraft:pumpkin":2,"minecraft:torch":10,"minecraft:gravel":2,"twigs:bronzed_seashell":2,"minecraft:sand":148,"minecraft:diorite":7,"minecraft:rotten_flesh":1,"minecraft:diamond":3,"minecraft:beetroot_seeds":1,"minecraft:granite":3,"minecraft:gray_wool":1,"minecraft:oak_sapling":6,"twigs:tangerine_seashell":1,"minecraft:mutton":3,"minecraft:coal":59,"minecraft:cobblestone":180,"minecraft:diamond_pickaxe":1},"minecraft:custom":{"minecraft:interact_with_furnace":21,"minecraft:mob_kills":8,"minecraft:interact_with_crafting_table":18,"minecraft:leave_game":5,"minecraft:time_since_death":4468,"minecraft:sleep_in_bed":2,"minecraft:climb_one_cm":691,"minecraft:time_since_rest":4872,"minecraft:waystone_activated":2,"minecraft:sprint_one_cm":107412,"minecraft:damage_taken":1205,"minecraft:walk_one_cm":146767,"minecraft:drop":18,"minecraft:damage_dealt":1288,"minecraft:swim_one_cm":104389,"minecraft:fly_one_cm":177627,"minecraft:open_chest":7,"minecraft:crouch_one_cm":1780,"minecraft:play_time":71344,"minecraft:deaths":3,"minecraft:sneak_time":2346,"minecraft:walk_under_water_one_cm":51593,"minecraft:jump":1266,"minecraft:walk_on_water_one_cm":34778,"minecraft:total_world_time":71344,"minecraft:fall_one_cm":43675},"minecraft:killed":{"minecraft:zombie_villager":1,"minecraft:spider":1,"minecraft:sheep":2,"minecraft:zombie":1,"minecraft:drowned":1,"minecraft:cow":2},"minecraft:crafted":{"minecraft:cooked_beef":2,"minecraft:oak_planks":80,"minecraft:stone_shovel":1,"minecraft:oak_sign":3,"minecraft:crafting_table":7,"minecraft:wooden_pickaxe":1,"minecraft:furnace":2,"minecraft:cooked_mutton":3,"minecraft:air":0,"minecraft:diamond_pickaxe":1,"minecraft:iron_axe":1,"minecraft:stick":22,"quark:oak_chest":1,"minecraft:iron_ingot":6,"minecraft:iron_pickaxe":1,"minecraft:stone_pickaxe":3,"minecraft:stone_sword":1,"minecraft:torch":8,"minecraft:magenta_dye":6},"minecraft:broken":{"minecraft:stone_pickaxe":2,"minecraft:wooden_pickaxe":1},"minecraft:mined":{"minecraft:diamond_ore":3,"minecraft:crafting_table":1,"minecraft:torch":3,"minecraft:granite":3,"minecraft:grass_block":12,"minecraft:rose_bush":2,"biomesoplenty:huge_clover_petal":12,"minecraft:lapis_ore":1,"minecraft:sugar_cane":4,"minecraft:diorite":7,"minecraft:sandstone":39,"minecraft:wall_torch":4,"farmersdelight:wild_beetroots":1,"minecraft:coarse_dirt":1,"minecraft:furnace":2,"minecraft:iron_ore":6,"twigs:tangerine_seashell":1,"minecraft:lilac":3,"minecraft:pumpkin":2,"minecraft:yellow_bed":2,"twigs:bronzed_seashell":2,"minecraft:grass":18,"biomesoplenty:clover":1,"minecraft:coal_ore":57,"minecraft:oak_log":23,"delightful:mini_melon":9,"minecraft:gravel":2,"minecraft:sand":144,"minecraft:dirt":9,"minecraft:cracked_stone_bricks":1,"minecraft:stone":186,"minecraft:stone_bricks":2,"minecraft:mossy_stone_bricks":7,"twigs:opaline_seashell":2,"minecraft:oak_leaves":1},"minecraft:used":{"minecraft:beetroot":1,"minecraft:cooked_mutton":3,"minecraft:stone_sword":26,"minecraft:stone_shovel":110,"minecraft:stone_pickaxe":313,"minecraft:oak_sign":2,"minecraft:wooden_pickaxe":75,"minecraft:sandstone":27,"minecraft:torch":11,"minecraft:dirt":22,"minecraft:sand":121,"minecraft:crafting_table":8,"minecraft:oak_log":3,"minecraft:iron_axe":13,"minecraft:iron_pickaxe":3,"twigs:bronzed_seashell":3,"minecraft:furnace":4,"twigs:opaline_seashell":1,"minecraft:yellow_bed":2,"minecraft:egg":1,"quark:oak_chest":1,"minecraft:cooked_beef":2,"minecraft:coarse_dirt":1,"delightful:acorn":1},"minecraft:killed_by":{"minecraft:creeper":1},"minecraft:dropped":{"minecraft:gravel":2,"minecraft:wheat_seeds":1,"minecraft:cobblestone":5,"minecraft:rotten_flesh":1,"minecraft:cracked_stone_bricks":1,"minecraft:oak_sign":1,"twigs:pebble":3,"minecraft:dirt":3,"minecraft:diorite":1,"minecraft:diamond_pickaxe":1,"minecraft:beetroot_seeds":1,"minecraft:mossy_stone_bricks":7,"minecraft:stone_bricks":2,"minecraft:stone_pickaxe":1,"minecraft:magenta_dye":6,"minecraft:egg":1}},"DataVersion":3465}