{"stats":{"minecraft:picked_up":{"minecraft:crafting_table":1,"minecraft:coarse_dirt":1,"minecraft:lilac":3,"minecraft:leather":1,"minecraft:brown_wool":1,"minecraft:oak_log":13,"minecraft:yellow_bed":2,"minecraft:string":2,"minecraft:dirt":24,"twigs:opaline_seashell":2,"minecraft:stone_bricks":2,"minecraft:cracked_stone_bricks":1,"delightful:mini_melon":9,"minecraft:wheat_seeds":1,"twigs:pebble":2,"delightful:acorn":1,"minecraft:beef":2,"minecraft:rose_bush":2,"minecraft:mossy_stone_bricks":7,"minecraft:sugar_cane":7,"minecraft:egg":3,"minecraft:furnace":2,"minecraft:sandstone":9,"minecraft:pumpkin":2,"minecraft:torch":3,"minecraft:gravel":2,"minecraft:sand":80,"twigs:bronzed_seashell":2,"minecraft:diorite":1,"minecraft:rotten_flesh":1,"minecraft:gray_wool":1,"minecraft:oak_sapling":4,"minecraft:mutton":3,"twigs:tangerine_seashell":1,"minecraft:coal":35,"minecraft:cobblestone":19},"minecraft:custom":{"minecraft:interact_with_furnace":13,"minecraft:mob_kills":6,"minecraft:interact_with_crafting_table":9,"minecraft:leave_game":4,"minecraft:time_since_death":13864,"minecraft:sleep_in_bed":2,"minecraft:climb_one_cm":24,"minecraft:time_since_rest":13889,"minecraft:waystone_activated":2,"minecraft:sprint_one_cm":86863,"minecraft:damage_taken":615,"minecraft:walk_one_cm":110996,"minecraft:drop":14,"minecraft:damage_dealt":719,"minecraft:swim_one_cm":12689,"minecraft:fly_one_cm":122476,"minecraft:open_chest":3,"minecraft:crouch_one_cm":93,"minecraft:play_time":39423,"minecraft:deaths":1,"minecraft:sneak_time":71,"minecraft:walk_under_water_one_cm":6780,"minecraft:jump":789,"minecraft:walk_on_water_one_cm":12358,"minecraft:total_world_time":39423,"minecraft:fall_one_cm":30868},"minecraft:killed":{"minecraft:spider":1,"minecraft:sheep":2,"minecraft:zombie":1,"minecraft:cow":2},"minecraft:crafted":{"minecraft:cooked_beef":2,"minecraft:oak_planks":40,"minecraft:stone_shovel":1,"minecraft:oak_sign":3,"minecraft:crafting_table":4,"minecraft:wooden_pickaxe":1,"minecraft:furnace":1,"minecraft:cooked_mutton":3,"minecraft:air":0,"minecraft:stick":12,"quark:oak_chest":1,"minecraft:stone_pickaxe":1,"minecraft:stone_sword":1,"minecraft:torch":8,"minecraft:magenta_dye":6},"minecraft:mined":{"minecraft:crafting_table":1,"minecraft:torch":1,"minecraft:grass_block":3,"minecraft:rose_bush":2,"biomesoplenty:huge_clover_petal":12,"minecraft:sugar_cane":4,"minecraft:diorite":1,"minecraft:sandstone":9,"minecraft:wall_torch":2,"minecraft:coarse_dirt":1,"minecraft:furnace":2,"twigs:tangerine_seashell":1,"minecraft:lilac":3,"minecraft:pumpkin":2,"twigs:bronzed_seashell":2,"minecraft:yellow_bed":2,"minecraft:grass":15,"biomesoplenty:clover":1,"minecraft:oak_log":13,"minecraft:coal_ore":32,"delightful:mini_melon":9,"minecraft:gravel":2,"minecraft:sand":75,"minecraft:dirt":1,"minecraft:cracked_stone_bricks":1,"minecraft:stone_bricks":2,"minecraft:stone":19,"minecraft:mossy_stone_bricks":7,"twigs:opaline_seashell":2},"minecraft:used":{"minecraft:cooked_mutton":3,"minecraft:stone_sword":18,"minecraft:stone_shovel":45,"minecraft:stone_pickaxe":59,"minecraft:oak_sign":2,"minecraft:wooden_pickaxe":71,"minecraft:torch":3,"minecraft:dirt":21,"minecraft:sand":1,"minecraft:crafting_table":5,"minecraft:oak_log":3,"twigs:bronzed_seashell":3,"minecraft:furnace":2,"twigs:opaline_seashell":1,"minecraft:yellow_bed":2,"quark:oak_chest":1,"minecraft:egg":1,"minecraft:cooked_beef":2,"minecraft:coarse_dirt":1,"delightful:acorn":1},"minecraft:killed_by":{"minecraft:creeper":1},"minecraft:dropped":{"minecraft:gravel":2,"minecraft:wheat_seeds":1,"minecraft:cobblestone":5,"minecraft:rotten_flesh":1,"minecraft:cracked_stone_bricks":1,"minecraft:oak_sign":1,"minecraft:dirt":3,"minecraft:diorite":1,"minecraft:mossy_stone_bricks":7,"minecraft:stone_bricks":2,"minecraft:magenta_dye":6,"minecraft:egg":1}},"DataVersion":3465}