{"stats":{"minecraft:picked_up":{"minecraft:charcoal":2,"minecraft:crafting_table":1,"minecraft:coarse_dirt":1,"minecraft:cornflower":1,"minecraft:string":4,"minecraft:raw_copper":3,"twigs:opaline_seashell":2,"minecraft:beetroot":1,"minecraft:cracked_stone_bricks":1,"twigs:pebble":3,"delightful:acorn":1,"minecraft:beef":2,"minecraft:rose_bush":2,"minecraft:sugar_cane":7,"minecraft:furnace":2,"minecraft:egg":3,"minecraft:raw_iron":7,"minecraft:sandstone":27,"minecraft:torch":10,"minecraft:diorite":7,"minecraft:arrow":3,"minecraft:rotten_flesh":1,"minecraft:beetroot_seeds":1,"minecraft:mutton":3,"twigs:tangerine_seashell":1,"minecraft:cobblestone":182,"minecraft:lilac":3,"minecraft:salmon":1,"minecraft:brown_wool":1,"minecraft:leather":1,"biomesoplenty:fir_log":1,"minecraft:oak_log":23,"minecraft:yellow_bed":2,"minecraft:lapis_lazuli":13,"minecraft:dirt":40,"minecraft:stone_bricks":2,"minecraft:kelp":1,"delightful:mini_melon":9,"minecraft:wheat_seeds":3,"minecraft:stone_pickaxe":1,"minecraft:mossy_stone_bricks":7,"twigs:twig":3,"minecraft:pumpkin":2,"minecraft:gravel":2,"twigs:bronzed_seashell":2,"minecraft:sand":148,"minecraft:diamond":5,"minecraft:granite":3,"minecraft:gray_wool":1,"minecraft:emerald":1,"minecraft:oak_sapling":6,"minecraft:light_gray_carpet":1,"minecraft:coal":60,"minecraft:diamond_pickaxe":1},"minecraft:custom":{"minecraft:mob_kills":8,"minecraft:interact_with_crafting_table":19,"minecraft:interact_with_campfire":1,"minecraft:leave_game":6,"minecraft:time_since_death":5175,"minecraft:climb_one_cm":1099,"minecraft:sprint_one_cm":125956,"minecraft:walk_one_cm":159207,"minecraft:drop":20,"minecraft:play_time":82997,"minecraft:deaths":4,"minecraft:sneak_time":2570,"minecraft:walk_under_water_one_cm":71159,"minecraft:jump":1409,"minecraft:walk_on_water_one_cm":38526,"minecraft:total_world_time":82997,"minecraft:interact_with_furnace":21,"minecraft:sleep_in_bed":2,"minecraft:time_since_rest":5242,"minecraft:waystone_activated":2,"minecraft:damage_taken":1495,"minecraft:damage_dealt":1297,"minecraft:swim_one_cm":169949,"minecraft:fly_one_cm":211491,"minecraft:open_chest":10,"minecraft:crouch_one_cm":1970,"minecraft:fall_one_cm":52714},"minecraft:killed":{"minecraft:spider":1,"minecraft:drowned":1,"minecraft:zombie_villager":1,"minecraft:sheep":2,"minecraft:zombie":1,"minecraft:cow":2},"minecraft:crafted":{"minecraft:oak_planks":80,"minecraft:stone_shovel":1,"minecraft:oak_sign":3,"minecraft:furnace":2,"minecraft:cooked_mutton":3,"minecraft:iron_axe":1,"minecraft:stone_pickaxe":3,"minecraft:magenta_dye":6,"minecraft:cooked_beef":2,"minecraft:crafting_table":8,"minecraft:wooden_pickaxe":1,"minecraft:air":0,"biomesoplenty:fir_planks":4,"minecraft:oak_boat":1,"minecraft:diamond_pickaxe":1,"minecraft:stick":22,"quark:oak_chest":1,"minecraft:iron_ingot":6,"minecraft:iron_pickaxe":1,"minecraft:stone_sword":1,"minecraft:torch":8},"minecraft:broken":{"minecraft:wooden_pickaxe":1,"minecraft:stone_pickaxe":2},"minecraft:mined":{"minecraft:diamond_ore":5,"minecraft:red_carpet":1,"minecraft:granite":3,"minecraft:grass_block":12,"minecraft:sandstone":39,"minecraft:furnace":2,"minecraft:iron_ore":7,"minecraft:pumpkin":2,"twigs:bronzed_seashell":2,"minecraft:stone":188,"twigs:opaline_seashell":2,"minecraft:light_gray_carpet":1,"minecraft:crafting_table":1,"minecraft:torch":3,"minecraft:emerald_ore":3,"minecraft:rose_bush":2,"minecraft:campfire":1,"minecraft:copper_ore":1,"minecraft:lapis_ore":2,"biomesoplenty:huge_clover_petal":12,"minecraft:sugar_cane":4,"minecraft:diorite":7,"minecraft:wall_torch":4,"farmersdelight:wild_beetroots":1,"minecraft:coarse_dirt":1,"twigs:tangerine_seashell":1,"minecraft:lilac":3,"biomesoplenty:fir_log":1,"minecraft:yellow_bed":2,"minecraft:grass":18,"biomesoplenty:clover":1,"minecraft:oak_log":23,"minecraft:coal_ore":58,"delightful:mini_melon":9,"minecraft:sand":144,"minecraft:gravel":2,"minecraft:dirt":9,"minecraft:cracked_stone_bricks":1,"minecraft:stone_bricks":2,"minecraft:mossy_stone_bricks":7,"minecraft:oak_leaves":1,"minecraft:fern":1},"minecraft:used":{"minecraft:beetroot":1,"minecraft:stone_sword":26,"minecraft:stone_shovel":110,"minecraft:oak_sign":2,"minecraft:torch":13,"minecraft:dirt":22,"minecraft:iron_axe":17,"minecraft:furnace":4,"minecraft:egg":1,"minecraft:cooked_beef":2,"minecraft:cooked_mutton":3,"minecraft:stone_pickaxe":313,"minecraft:wooden_pickaxe":75,"minecraft:sandstone":27,"minecraft:sand":121,"minecraft:crafting_table":9,"minecraft:oak_log":3,"minecraft:iron_pickaxe":14,"twigs:bronzed_seashell":3,"twigs:opaline_seashell":1,"minecraft:yellow_bed":2,"quark:oak_chest":1,"minecraft:oak_boat":1,"minecraft:coarse_dirt":1,"delightful:acorn":1},"minecraft:killed_by":{"minecraft:creeper":1,"minecraft:zombie":1},"minecraft:dropped":{"minecraft:wheat_seeds":2,"minecraft:cobblestone":5,"minecraft:cracked_stone_bricks":1,"twigs:pebble":3,"minecraft:dirt":3,"minecraft:diorite":1,"minecraft:string":2,"minecraft:gravel":2,"minecraft:rotten_flesh":1,"minecraft:oak_sign":1,"minecraft:diamond_pickaxe":1,"minecraft:beetroot_seeds":1,"minecraft:mossy_stone_bricks":7,"minecraft:stone_bricks":2,"minecraft:magenta_dye":6,"minecraft:stone_pickaxe":1,"minecraft:egg":1}},"DataVersion":3465}