{"stats":{"minecraft:picked_up":{"minecraft:coarse_dirt":1,"minecraft:crafting_table":1,"minecraft:lilac":3,"minecraft:leather":1,"minecraft:brown_wool":1,"minecraft:oak_log":23,"minecraft:yellow_bed":2,"minecraft:lapis_lazuli":9,"minecraft:cornflower":1,"minecraft:string":2,"minecraft:dirt":40,"twigs:opaline_seashell":2,"minecraft:kelp":1,"minecraft:stone_bricks":2,"minecraft:cracked_stone_bricks":1,"delightful:mini_melon":9,"minecraft:wheat_seeds":2,"twigs:pebble":3,"delightful:acorn":1,"minecraft:beef":2,"minecraft:stone_pickaxe":1,"minecraft:rose_bush":2,"minecraft:mossy_stone_bricks":7,"twigs:twig":3,"minecraft:sugar_cane":7,"minecraft:furnace":2,"minecraft:egg":3,"minecraft:raw_iron":5,"minecraft:sandstone":27,"minecraft:pumpkin":2,"minecraft:torch":8,"minecraft:gravel":2,"twigs:bronzed_seashell":2,"minecraft:sand":148,"minecraft:diorite":1,"minecraft:rotten_flesh":1,"minecraft:gray_wool":1,"minecraft:oak_sapling":6,"minecraft:mutton":3,"twigs:tangerine_seashell":1,"minecraft:coal":59,"minecraft:cobblestone":172},"minecraft:custom":{"minecraft:interact_with_furnace":16,"minecraft:mob_kills":6,"minecraft:interact_with_crafting_table":14,"minecraft:leave_game":4,"minecraft:time_since_death":1076,"minecraft:sleep_in_bed":2,"minecraft:climb_one_cm":691,"minecraft:time_since_rest":1110,"minecraft:waystone_activated":2,"minecraft:sprint_one_cm":93037,"minecraft:damage_taken":955,"minecraft:walk_one_cm":130366,"minecraft:drop":16,"minecraft:damage_dealt":1002,"minecraft:swim_one_cm":45621,"minecraft:fly_one_cm":141065,"minecraft:open_chest":4,"minecraft:crouch_one_cm":1780,"minecraft:play_time":59685,"minecraft:deaths":2,"minecraft:sneak_time":1932,"minecraft:walk_under_water_one_cm":41164,"minecraft:jump":1041,"minecraft:walk_on_water_one_cm":24381,"minecraft:total_world_time":59685,"minecraft:fall_one_cm":37265},"minecraft:killed":{"minecraft:spider":1,"minecraft:sheep":2,"minecraft:zombie":1,"minecraft:cow":2},"minecraft:crafted":{"minecraft:cooked_beef":2,"minecraft:oak_planks":80,"minecraft:stone_shovel":1,"minecraft:oak_sign":3,"minecraft:crafting_table":6,"minecraft:wooden_pickaxe":1,"minecraft:furnace":1,"minecraft:cooked_mutton":3,"minecraft:air":0,"minecraft:iron_axe":1,"minecraft:stick":18,"quark:oak_chest":1,"minecraft:iron_ingot":3,"minecraft:stone_pickaxe":3,"minecraft:stone_sword":1,"minecraft:torch":8,"minecraft:magenta_dye":6},"minecraft:broken":{"minecraft:stone_pickaxe":2,"minecraft:wooden_pickaxe":1},"minecraft:mined":{"minecraft:crafting_table":1,"minecraft:torch":3,"minecraft:grass_block":12,"minecraft:rose_bush":2,"minecraft:lapis_ore":1,"biomesoplenty:huge_clover_petal":12,"minecraft:sugar_cane":4,"minecraft:diorite":1,"minecraft:sandstone":39,"minecraft:wall_torch":2,"minecraft:coarse_dirt":1,"minecraft:furnace":2,"minecraft:iron_ore":5,"twigs:tangerine_seashell":1,"minecraft:lilac":3,"minecraft:pumpkin":2,"twigs:bronzed_seashell":2,"minecraft:yellow_bed":2,"minecraft:grass":18,"biomesoplenty:clover":1,"minecraft:coal_ore":57,"minecraft:oak_log":23,"delightful:mini_melon":9,"minecraft:gravel":2,"minecraft:sand":144,"minecraft:dirt":9,"minecraft:cracked_stone_bricks":1,"minecraft:stone":178,"minecraft:stone_bricks":2,"minecraft:mossy_stone_bricks":7,"minecraft:oak_leaves":1,"twigs:opaline_seashell":2},"minecraft:used":{"minecraft:cooked_mutton":3,"minecraft:stone_sword":21,"minecraft:stone_shovel":110,"minecraft:stone_pickaxe":295,"minecraft:oak_sign":2,"minecraft:wooden_pickaxe":75,"minecraft:sandstone":27,"minecraft:torch":8,"minecraft:dirt":22,"minecraft:sand":121,"minecraft:crafting_table":7,"minecraft:oak_log":3,"minecraft:iron_axe":13,"twigs:bronzed_seashell":3,"minecraft:furnace":3,"twigs:opaline_seashell":1,"minecraft:yellow_bed":2,"minecraft:egg":1,"quark:oak_chest":1,"minecraft:cooked_beef":2,"minecraft:coarse_dirt":1,"delightful:acorn":1},"minecraft:killed_by":{"minecraft:creeper":1},"minecraft:dropped":{"minecraft:gravel":2,"minecraft:wheat_seeds":1,"minecraft:cobblestone":5,"minecraft:rotten_flesh":1,"minecraft:cracked_stone_bricks":1,"minecraft:oak_sign":1,"twigs:pebble":3,"minecraft:dirt":3,"minecraft:diorite":1,"minecraft:mossy_stone_bricks":7,"minecraft:stone_bricks":2,"minecraft:stone_pickaxe":1,"minecraft:magenta_dye":6,"minecraft:egg":1}},"DataVersion":3465}