{"stats":{"minecraft:picked_up":{"minecraft:crafting_table":1,"minecraft:coarse_dirt":1,"minecraft:lilac":3,"minecraft:brown_wool":1,"minecraft:oak_log":13,"minecraft:yellow_bed":2,"minecraft:dirt":4,"twigs:opaline_seashell":2,"delightful:mini_melon":9,"minecraft:wheat_seeds":1,"delightful:acorn":1,"minecraft:rose_bush":2,"minecraft:sugar_cane":3,"minecraft:egg":3,"minecraft:furnace":1,"minecraft:diorite":1,"minecraft:rotten_flesh":1,"minecraft:gray_wool":1,"minecraft:oak_sapling":4,"minecraft:mutton":3,"twigs:tangerine_seashell":1,"minecraft:coal":10,"minecraft:cobblestone":15},"minecraft:custom":{"minecraft:interact_with_furnace":7,"minecraft:mob_kills":3,"minecraft:interact_with_crafting_table":6,"minecraft:leave_game":3,"minecraft:time_since_death":24828,"minecraft:sleep_in_bed":1,"minecraft:climb_one_cm":24,"minecraft:time_since_rest":13427,"minecraft:waystone_activated":2,"minecraft:sprint_one_cm":55567,"minecraft:damage_taken":205,"minecraft:walk_one_cm":75918,"minecraft:drop":9,"minecraft:damage_dealt":359,"minecraft:swim_one_cm":3969,"minecraft:fly_one_cm":70765,"minecraft:open_chest":1,"minecraft:crouch_one_cm":93,"minecraft:play_time":24828,"minecraft:sneak_time":50,"minecraft:walk_under_water_one_cm":2428,"minecraft:jump":488,"minecraft:walk_on_water_one_cm":7481,"minecraft:total_world_time":24828,"minecraft:fall_one_cm":18447},"minecraft:killed":{"minecraft:sheep":2,"minecraft:zombie":1},"minecraft:crafted":{"minecraft:oak_planks":40,"minecraft:oak_sign":3,"minecraft:crafting_table":3,"minecraft:wooden_pickaxe":1,"minecraft:furnace":1,"minecraft:cooked_mutton":3,"minecraft:air":0,"minecraft:stick":8,"minecraft:stone_pickaxe":1,"minecraft:stone_sword":1,"minecraft:magenta_dye":6},"minecraft:mined":{"minecraft:crafting_table":1,"minecraft:grass_block":3,"minecraft:rose_bush":2,"biomesoplenty:huge_clover_petal":12,"minecraft:sugar_cane":1,"minecraft:diorite":1,"minecraft:coarse_dirt":1,"minecraft:furnace":1,"twigs:tangerine_seashell":1,"minecraft:lilac":3,"minecraft:yellow_bed":2,"minecraft:grass":11,"biomesoplenty:clover":1,"minecraft:oak_log":13,"minecraft:coal_ore":7,"delightful:mini_melon":9,"minecraft:dirt":1,"minecraft:stone":15,"twigs:opaline_seashell":2},"minecraft:used":{"minecraft:cooked_mutton":2,"minecraft:stone_sword":8,"minecraft:oak_sign":2,"minecraft:wooden_pickaxe":53,"minecraft:dirt":1,"minecraft:crafting_table":4,"minecraft:oak_log":3,"minecraft:furnace":1,"twigs:opaline_seashell":1,"minecraft:yellow_bed":1,"minecraft:egg":1,"minecraft:coarse_dirt":1,"delightful:acorn":1},"minecraft:dropped":{"minecraft:wheat_seeds":1,"minecraft:rotten_flesh":1,"minecraft:oak_sign":1,"minecraft:dirt":3,"minecraft:diorite":1,"minecraft:magenta_dye":6,"minecraft:egg":1}},"DataVersion":3465}