{"stats":{"minecraft:picked_up":{"minecraft:oak_log":7,"minecraft:yellow_bed":2,"minecraft:rotten_flesh":1,"minecraft:apple":1,"minecraft:wheat_seeds":4,"twigs:pebble":1,"minecraft:hay_block":17,"minecraft:bread":6,"minecraft:oak_sapling":5,"twigs:twig":5,"minecraft:cobblestone":1},"minecraft:custom":{"minecraft:time_since_rest":1427,"minecraft:waystone_activated":3,"minecraft:sprint_one_cm":69546,"minecraft:damage_taken":765,"minecraft:walk_one_cm":58767,"minecraft:drop":1,"minecraft:damage_dealt":269,"minecraft:interact_with_crafting_table":7,"minecraft:fly_one_cm":108698,"minecraft:open_chest":2,"minecraft:crouch_one_cm":2408,"minecraft:play_time":24535,"minecraft:deaths":1,"minecraft:sneak_time":745,"minecraft:jump":409,"minecraft:time_since_death":4636,"minecraft:sleep_in_bed":2,"minecraft:climb_one_cm":135,"minecraft:total_world_time":24535,"minecraft:fall_one_cm":11133},"minecraft:crafted":{"minecraft:oak_planks":12,"minecraft:crafting_table":1,"minecraft:stick":4,"minecraft:wooden_axe":1,"minecraft:bread":40,"minecraft:wheat":153},"minecraft:used":{"minecraft:wooden_axe":9,"minecraft:bread":3,"minecraft:cobblestone":1,"minecraft:crafting_table":1,"minecraft:yellow_bed":1},"minecraft:mined":{"minecraft:hay_block":17,"twigs:pebble":1,"minecraft:yellow_bed":2,"minecraft:grass":5,"minecraft:oak_log":7,"minecraft:oak_leaves":1},"minecraft:killed_by":{"minecraft:husk":1},"minecraft:dropped":{"minecraft:oak_sapling":3}},"DataVersion":3465}