{"stats":{"minecraft:picked_up":{"minecraft:apple":1,"minecraft:wheat_seeds":1,"twigs:pebble":1,"minecraft:hay_block":4,"minecraft:oak_log":7,"minecraft:bread":6,"minecraft:oak_sapling":4,"twigs:twig":3,"minecraft:cobblestone":1},"minecraft:custom":{"minecraft:time_since_rest":12535,"minecraft:waystone_activated":3,"minecraft:crouch_one_cm":920,"minecraft:play_time":12535,"minecraft:sprint_one_cm":15156,"minecraft:damage_taken":260,"minecraft:walk_one_cm":26428,"minecraft:sneak_time":305,"minecraft:drop":1,"minecraft:jump":110,"minecraft:damage_dealt":89,"minecraft:time_since_death":12535,"minecraft:total_world_time":12535,"minecraft:climb_one_cm":62,"minecraft:interact_with_crafting_table":2,"minecraft:fall_one_cm":1846,"minecraft:fly_one_cm":23358},"minecraft:crafted":{"minecraft:bread":1,"minecraft:wheat":36},"minecraft:mined":{"minecraft:hay_block":4,"minecraft:grass":3,"minecraft:oak_log":7,"twigs:pebble":1,"minecraft:oak_leaves":1},"minecraft:dropped":{"minecraft:oak_sapling":3}},"DataVersion":3465}