{"stats":{"minecraft:picked_up":{"minecraft:iron_chestplate":2,"illagerinvasion:platinum_chunk":3,"minecraft:water_bucket":1,"minecraft:red_mushroom":1,"minecraft:oak_log":9,"minecraft:shield":1,"minecraft:yellow_bed":3,"minecraft:iron_axe":1,"minecraft:flint_and_steel":1,"minecraft:iron_leggings":2,"minecraft:armor_stand":3,"minecraft:iron_shovel":1,"minecraft:apple":1,"minecraft:bow":1,"minecraft:wheat_seeds":8,"twigs:pebble":1,"minecraft:iron_ingot":2,"minecraft:iron_pickaxe":1,"twigs:twig":5,"minecraft:iron_sword":1,"minecraft:iron_boots":2,"minecraft:stick":1,"minecraft:spyglass":1,"minecraft:brown_carpet":3,"minecraft:iron_hoe":1,"minecraft:arrow":10,"minecraft:rotten_flesh":1,"minecraft:diamond":2,"minecraft:decorated_pot":1,"minecraft:iron_helmet":2,"minecraft:hay_block":32,"minecraft:golden_apple":1,"minecraft:emerald":7,"minecraft:bread":6,"minecraft:oak_sapling":7,"minecraft:cobblestone":1},"minecraft:custom":{"minecraft:interact_with_smithing_table":1,"minecraft:interact_with_furnace":1,"minecraft:mob_kills":7,"minecraft:interact_with_crafting_table":7,"minecraft:open_barrel":1,"minecraft:leave_game":2,"minecraft:time_since_death":24871,"minecraft:sleep_in_bed":5,"minecraft:climb_one_cm":4980,"minecraft:time_since_rest":8785,"minecraft:waystone_activated":3,"minecraft:sprint_one_cm":204645,"minecraft:damage_taken":1327,"minecraft:walk_one_cm":131188,"minecraft:drop":12,"minecraft:damage_dealt":2161,"minecraft:swim_one_cm":7281,"minecraft:fly_one_cm":405094,"minecraft:open_chest":14,"minecraft:crouch_one_cm":3305,"minecraft:play_time":59752,"minecraft:deaths":2,"minecraft:sneak_time":1062,"minecraft:walk_under_water_one_cm":304,"minecraft:interact_with_lectern":2,"minecraft:jump":1528,"minecraft:walk_on_water_one_cm":2321,"minecraft:total_world_time":59752,"minecraft:fall_one_cm":46457},"minecraft:killed":{"minecraft:pillager":6},"minecraft:crafted":{"minecraft:oak_planks":36,"minecraft:crafting_table":1,"minecraft:bread":40,"minecraft:stick":4,"minecraft:wooden_axe":1,"minecraft:wheat":153},"minecraft:used":{"minecraft:oak_planks":3,"minecraft:decorated_pot":1,"minecraft:iron_sword":9,"minecraft:stick":2,"minecraft:crafting_table":1,"minecraft:wooden_axe":9,"minecraft:iron_axe":39,"minecraft:bread":14,"minecraft:cobblestone":1,"minecraft:brown_carpet":2,"minecraft:goat_horn":4,"minecraft:yellow_bed":2},"minecraft:mined":{"twigs:pebble":1,"minecraft:brown_carpet":2,"minecraft:decorated_pot":1,"minecraft:hay_block":33,"minecraft:coarse_dirt":1,"biomesoplenty:maple_leaves":2,"minecraft:yellow_bed":3,"minecraft:grass":6,"supplementaries:stick":1,"minecraft:oak_log":9,"biomesoplenty:fir_leaves":1,"minecraft:oak_leaves":1,"minecraft:fern":1},"minecraft:killed_by":{"minecraft:husk":1,"minecraft:pillager":1},"minecraft:dropped":{"minecraft:wheat_seeds":4,"minecraft:rotten_flesh":1,"minecraft:oak_planks":3,"illagerinvasion:platinum_chunk":3,"minecraft:oak_sapling":7,"minecraft:brown_carpet":1,"twigs:twig":5,"minecraft:armor_stand":3}},"DataVersion":3465}