{"stats":{"minecraft:picked_up":{"illagerinvasion:platinum_chunk":2,"minecraft:iron_chestplate":2,"minecraft:water_bucket":1,"minecraft:spyglass":1,"minecraft:oak_log":9,"minecraft:yellow_bed":2,"minecraft:shield":1,"minecraft:brown_carpet":1,"minecraft:iron_axe":1,"minecraft:armor_stand":3,"minecraft:flint_and_steel":1,"minecraft:iron_leggings":2,"minecraft:iron_hoe":1,"minecraft:arrow":5,"minecraft:iron_shovel":1,"minecraft:rotten_flesh":1,"minecraft:apple":1,"minecraft:diamond":1,"minecraft:bow":1,"minecraft:decorated_pot":1,"minecraft:wheat_seeds":8,"minecraft:iron_helmet":2,"twigs:pebble":1,"minecraft:hay_block":17,"minecraft:iron_ingot":1,"minecraft:golden_apple":1,"minecraft:emerald":1,"minecraft:bread":6,"minecraft:iron_pickaxe":1,"minecraft:oak_sapling":7,"twigs:twig":5,"minecraft:iron_sword":1,"minecraft:iron_boots":2,"minecraft:cobblestone":1},"minecraft:custom":{"minecraft:time_since_rest":1688,"minecraft:waystone_activated":3,"minecraft:interact_with_furnace":1,"minecraft:sprint_one_cm":112580,"minecraft:damage_taken":1037,"minecraft:walk_one_cm":92373,"minecraft:mob_kills":2,"minecraft:drop":10,"minecraft:damage_dealt":1029,"minecraft:swim_one_cm":3334,"minecraft:interact_with_crafting_table":7,"minecraft:fly_one_cm":225315,"minecraft:open_chest":7,"minecraft:crouch_one_cm":2895,"minecraft:play_time":36535,"minecraft:deaths":2,"minecraft:sneak_time":874,"minecraft:walk_under_water_one_cm":73,"minecraft:interact_with_lectern":2,"minecraft:jump":822,"minecraft:walk_on_water_one_cm":899,"minecraft:time_since_death":1654,"minecraft:sleep_in_bed":2,"minecraft:climb_one_cm":3070,"minecraft:total_world_time":36535,"minecraft:fall_one_cm":24763},"minecraft:killed":{"minecraft:pillager":2},"minecraft:crafted":{"minecraft:oak_planks":12,"minecraft:crafting_table":1,"minecraft:stick":4,"minecraft:wooden_axe":1,"minecraft:bread":40,"minecraft:wheat":153},"minecraft:used":{"minecraft:wooden_axe":9,"minecraft:iron_axe":18,"minecraft:bread":6,"minecraft:decorated_pot":1,"minecraft:cobblestone":1,"minecraft:crafting_table":1,"minecraft:yellow_bed":1},"minecraft:mined":{"minecraft:hay_block":17,"minecraft:coarse_dirt":1,"twigs:pebble":1,"minecraft:brown_carpet":2,"minecraft:yellow_bed":2,"minecraft:grass":6,"minecraft:oak_log":9,"minecraft:decorated_pot":1,"minecraft:oak_leaves":1},"minecraft:killed_by":{"minecraft:husk":1,"minecraft:pillager":1},"minecraft:dropped":{"minecraft:wheat_seeds":4,"minecraft:oak_sapling":7,"minecraft:brown_carpet":1,"minecraft:rotten_flesh":1,"minecraft:oak_planks":3,"minecraft:armor_stand":3}},"DataVersion":3465}