{"stats":{"minecraft:picked_up":{"minecraft:crafting_table":1,"delightful:acorn":1,"minecraft:oak_log":6,"minecraft:oak_sapling":1,"twigs:twig":1,"minecraft:cobblestone":6},"minecraft:custom":{"minecraft:time_since_rest":14212,"minecraft:waystone_activated":3,"minecraft:crouch_one_cm":914,"minecraft:play_time":14212,"minecraft:sprint_one_cm":15020,"minecraft:damage_taken":99,"minecraft:walk_one_cm":15185,"minecraft:sneak_time":1185,"minecraft:drop":1,"minecraft:jump":117,"minecraft:damage_dealt":200,"minecraft:leave_game":1,"minecraft:time_since_death":14212,"minecraft:total_world_time":14212,"minecraft:interact_with_crafting_table":4,"minecraft:fall_one_cm":2130,"minecraft:fly_one_cm":16284},"minecraft:crafted":{"minecraft:oak_planks":24,"minecraft:stone_axe":1,"minecraft:crafting_table":1,"minecraft:stick":8,"minecraft:bread":11,"minecraft:wooden_pickaxe":1,"minecraft:stone_pickaxe":1},"minecraft:mined":{"minecraft:grass":6,"minecraft:oak_log":6,"minecraft:stone":7,"minecraft:crafting_table":1,"minecraft:oak_leaves":1},"minecraft:used":{"minecraft:stone_axe":1,"minecraft:crafting_table":1,"minecraft:stone_pickaxe":8,"minecraft:wooden_pickaxe":3},"minecraft:dropped":{"minecraft:bread":6}},"DataVersion":3465}