{"stats":{"minecraft:picked_up":{"minecraft:crafting_table":1,"minecraft:gravel":2,"minecraft:stripped_spruce_wood":3,"minecraft:oak_log":6,"spawnersplus:spawner_fragment":1,"minecraft:dirt":33,"minecraft:zombie_head":1,"minecraft:bone":1,"minecraft:spruce_planks":4,"delightful:acorn":1,"minecraft:iron_nugget":4,"minecraft:spruce_slab":5,"minecraft:oak_sapling":1,"twigs:twig":1,"minecraft:sugar_cane":14,"twigs:tangerine_seashell":1,"minecraft:cobblestone":18},"minecraft:custom":{"minecraft:time_since_rest":3442,"minecraft:waystone_activated":3,"minecraft:sprint_one_cm":66482,"minecraft:damage_taken":599,"minecraft:walk_one_cm":26105,"minecraft:trigger_trapped_chest":1,"minecraft:mob_kills":1,"minecraft:drop":2,"minecraft:damage_dealt":433,"minecraft:interact_with_crafting_table":4,"minecraft:swim_one_cm":8231,"minecraft:fly_one_cm":117717,"minecraft:crouch_one_cm":1176,"minecraft:play_time":26212,"minecraft:deaths":1,"minecraft:sneak_time":1546,"minecraft:walk_under_water_one_cm":807,"minecraft:jump":560,"minecraft:leave_game":1,"minecraft:time_since_death":3395,"minecraft:walk_on_water_one_cm":1442,"minecraft:total_world_time":26212,"minecraft:climb_one_cm":364,"minecraft:fall_one_cm":19374},"minecraft:killed":{"minecraft:zombie":1},"minecraft:crafted":{"minecraft:oak_planks":24,"minecraft:crafting_table":1,"minecraft:stick":8,"minecraft:wooden_pickaxe":1,"minecraft:stone_pickaxe":1,"minecraft:stone_axe":1,"minecraft:bread":11},"minecraft:mined":{"twigs:tangerine_seashell":1,"minecraft:crafting_table":1,"minecraft:grass":8,"minecraft:oak_log":6,"minecraft:dirt":1,"minecraft:tall_grass":1,"minecraft:stone":7,"minecraft:sugar_cane":10,"minecraft:oak_leaves":2,"minecraft:spawner":1},"minecraft:used":{"minecraft:bread":2,"minecraft:stone_pickaxe":9,"minecraft:wooden_pickaxe":3,"minecraft:stone_axe":4,"minecraft:dirt":6,"minecraft:crafting_table":1},"minecraft:dropped":{"twigs:tangerine_seashell":1,"minecraft:bread":6}},"DataVersion":3465}