{"stats":{"minecraft:picked_up":{"minecraft:crafting_table":3,"minecraft:stripped_spruce_wood":3,"minecraft:oak_log":6,"spawnersplus:spawner_fragment":2,"minecraft:gunpowder":2,"minecraft:cornflower":1,"minecraft:dirt":49,"minecraft:zombie_head":1,"minecraft:bone":1,"minecraft:stone_bricks":4,"minecraft:wheat_seeds":1,"minecraft:spruce_planks":4,"delightful:acorn":1,"minecraft:iron_ingot":5,"minecraft:stone_pickaxe":1,"minecraft:glass_bottle":1,"minecraft:iron_nugget":13,"minecraft:poppy":2,"minecraft:spruce_slab":5,"minecraft:lectern":1,"twigs:twig":1,"minecraft:sugar_cane":14,"minecraft:book":13,"minecraft:torch":1,"minecraft:gravel":2,"minecraft:white_bed":9,"minecraft:dark_oak_log":1,"minecraft:spider_eye":1,"minecraft:polished_andesite":2,"minecraft:arrow":2,"minecraft:stone_axe":1,"minecraft:spruce_boat":1,"minecraft:hay_block":4,"minecraft:totem_of_undying":1,"minecraft:emerald":9,"minecraft:oak_sapling":1,"twigs:tangerine_seashell":1,"minecraft:cobblestone":20},"minecraft:custom":{"minecraft:interact_with_furnace":1,"minecraft:mob_kills":24,"minecraft:interact_with_crafting_table":6,"minecraft:open_barrel":5,"minecraft:leave_game":2,"minecraft:time_since_death":11213,"minecraft:climb_one_cm":14284,"minecraft:time_since_rest":11245,"minecraft:waystone_activated":3,"minecraft:sprint_one_cm":144593,"minecraft:damage_taken":3498,"minecraft:walk_one_cm":98280,"minecraft:trigger_trapped_chest":1,"minecraft:drop":22,"minecraft:damage_dealt":6257,"minecraft:swim_one_cm":8231,"minecraft:talked_to_villager":2,"minecraft:fly_one_cm":214689,"minecraft:open_chest":10,"minecraft:crouch_one_cm":2499,"minecraft:play_time":58675,"minecraft:deaths":8,"minecraft:sneak_time":3021,"minecraft:walk_under_water_one_cm":807,"minecraft:interact_with_brewingstand":1,"minecraft:jump":1064,"minecraft:walk_on_water_one_cm":1877,"minecraft:total_world_time":58675,"minecraft:fall_one_cm":31307},"minecraft:crafted":{"minecraft:oak_planks":24,"minecraft:crafting_table":1,"minecraft:wooden_pickaxe":1,"minecraft:stone_axe":1,"minecraft:bread":23,"minecraft:stick":8,"minecraft:stone_pickaxe":1,"minecraft:wheat":36},"minecraft:killed":{"illagerinvasion:archivist":1,"minecraft:evoker":1,"minecraft:vindicator":4,"minecraft:spider":3,"minecraft:iron_golem":1,"illagerinvasion:marauder":1,"illagerinvasion:alchemist":1,"minecraft:creeper":1,"illagerinvasion:basher":3,"minecraft:zombie":6,"illagerinvasion:provoker":2},"minecraft:used":{"minecraft:stone_pickaxe":36,"minecraft:wooden_pickaxe":3,"minecraft:torch":3,"minecraft:dirt":33,"minecraft:crafting_table":2,"minecraft:white_bed":8,"minecraft:apple":16,"minecraft:iron_axe":35,"minecraft:bread":13,"minecraft:stone_bricks":2,"minecraft:stone_axe":35,"minecraft:potato":1},"minecraft:mined":{"minecraft:white_bed":9,"minecraft:crafting_table":2,"minecraft:grass_block":2,"minecraft:lectern":1,"minecraft:cobblestone":1,"minecraft:tall_grass":2,"minecraft:sugar_cane":10,"minecraft:chiseled_stone_bricks":6,"minecraft:spawner":2,"minecraft:hay_block":4,"minecraft:glowstone":1,"twigs:tangerine_seashell":1,"minecraft:black_carpet":1,"minecraft:grass":13,"minecraft:bookshelf":4,"minecraft:oak_log":6,"minecraft:vine":1,"minecraft:dirt":15,"minecraft:gray_carpet":2,"minecraft:polished_andesite":2,"minecraft:stone_bricks":8,"minecraft:stone":9,"minecraft:oak_leaves":5},"minecraft:killed_by":{"minecraft:vindicator":6,"minecraft:vex":1},"minecraft:dropped":{"minecraft:water_bucket":1,"minecraft:bread":6,"minecraft:stone_axe":1,"minecraft:wheat_seeds":1,"minecraft:iron_nugget":9,"farmersdelight:skillet":1,"minecraft:glass_bottle":1,"minecraft:crafting_table":1,"minecraft:polished_andesite":2,"minecraft:emerald":1,"twigs:tangerine_seashell":1,"minecraft:poppy":2,"minecraft:spruce_boat":1,"minecraft:dark_oak_log":1,"delightful:acorn":1,"minecraft:stone_bricks":2,"minecraft:stone_pickaxe":1,"minecraft:music_disc_stal":1,"minecraft:music_disc_cat":1,"twigs:twig":1}},"DataVersion":3465}