{"stats":{"minecraft:picked_up":{"minecraft:crafting_table":3,"minecraft:stripped_spruce_wood":3,"minecraft:oak_log":6,"spawnersplus:spawner_fragment":2,"minecraft:cornflower":1,"minecraft:dirt":38,"minecraft:zombie_head":1,"minecraft:bone":1,"minecraft:spruce_planks":4,"delightful:acorn":1,"minecraft:iron_ingot":5,"minecraft:stone_pickaxe":1,"minecraft:iron_nugget":4,"minecraft:poppy":2,"minecraft:spruce_slab":5,"minecraft:lectern":1,"twigs:twig":1,"minecraft:sugar_cane":14,"minecraft:book":12,"minecraft:gravel":2,"minecraft:white_bed":3,"minecraft:spider_eye":1,"minecraft:hay_block":4,"minecraft:emerald":1,"minecraft:oak_sapling":1,"twigs:tangerine_seashell":1,"minecraft:cobblestone":18},"minecraft:custom":{"minecraft:interact_with_furnace":1,"minecraft:mob_kills":12,"minecraft:interact_with_crafting_table":6,"minecraft:open_barrel":5,"minecraft:leave_game":2,"minecraft:time_since_death":38,"minecraft:climb_one_cm":14284,"minecraft:time_since_rest":63,"minecraft:waystone_activated":3,"minecraft:sprint_one_cm":116442,"minecraft:damage_taken":1490,"minecraft:walk_one_cm":59240,"minecraft:trigger_trapped_chest":1,"minecraft:drop":8,"minecraft:damage_dealt":3359,"minecraft:swim_one_cm":8231,"minecraft:talked_to_villager":2,"minecraft:fly_one_cm":191305,"minecraft:open_chest":8,"minecraft:crouch_one_cm":1717,"minecraft:play_time":46675,"minecraft:deaths":3,"minecraft:sneak_time":2180,"minecraft:walk_under_water_one_cm":807,"minecraft:jump":914,"minecraft:walk_on_water_one_cm":1442,"minecraft:total_world_time":46675,"minecraft:fall_one_cm":29935},"minecraft:killed":{"minecraft:spider":3,"minecraft:iron_golem":1,"minecraft:creeper":1,"minecraft:zombie":5,"illagerinvasion:provoker":2},"minecraft:crafted":{"minecraft:oak_planks":24,"minecraft:crafting_table":1,"minecraft:wooden_pickaxe":1,"minecraft:stone_axe":1,"minecraft:bread":23,"minecraft:stick":8,"minecraft:stone_pickaxe":1,"minecraft:wheat":36},"minecraft:used":{"minecraft:stone_pickaxe":13,"minecraft:wooden_pickaxe":3,"minecraft:dirt":9,"minecraft:crafting_table":2,"minecraft:white_bed":2,"minecraft:iron_axe":6,"minecraft:bread":12,"minecraft:stone_axe":35,"minecraft:potato":1},"minecraft:mined":{"minecraft:white_bed":3,"minecraft:crafting_table":2,"minecraft:grass_block":2,"minecraft:lectern":1,"minecraft:tall_grass":1,"minecraft:sugar_cane":10,"minecraft:spawner":2,"minecraft:hay_block":4,"twigs:tangerine_seashell":1,"minecraft:grass":12,"minecraft:bookshelf":4,"minecraft:oak_log":6,"minecraft:vine":1,"minecraft:dirt":4,"minecraft:stone":7,"minecraft:oak_leaves":5},"minecraft:killed_by":{"minecraft:vindicator":1,"minecraft:vex":1},"minecraft:dropped":{"minecraft:bread":6,"minecraft:crafting_table":1,"twigs:tangerine_seashell":1,"minecraft:poppy":2,"minecraft:dark_oak_log":1,"minecraft:stone_pickaxe":1,"twigs:twig":1}},"DataVersion":3465}