{"stats":{"minecraft:picked_up":{"minecraft:book":12,"minecraft:crafting_table":3,"minecraft:gravel":2,"minecraft:stripped_spruce_wood":3,"minecraft:oak_log":6,"spawnersplus:spawner_fragment":2,"minecraft:white_bed":3,"minecraft:spider_eye":1,"minecraft:cornflower":1,"minecraft:dirt":38,"minecraft:zombie_head":1,"minecraft:bone":1,"minecraft:spruce_planks":4,"delightful:acorn":1,"minecraft:hay_block":4,"minecraft:iron_ingot":5,"minecraft:poppy":2,"minecraft:iron_nugget":4,"minecraft:spruce_slab":5,"minecraft:lectern":1,"minecraft:oak_sapling":1,"twigs:twig":1,"minecraft:sugar_cane":14,"twigs:tangerine_seashell":1,"minecraft:cobblestone":18},"minecraft:custom":{"minecraft:time_since_rest":22901,"minecraft:waystone_activated":3,"minecraft:interact_with_furnace":1,"minecraft:sprint_one_cm":115009,"minecraft:damage_taken":905,"minecraft:walk_one_cm":55887,"minecraft:trigger_trapped_chest":1,"minecraft:mob_kills":10,"minecraft:drop":6,"minecraft:damage_dealt":2914,"minecraft:talked_to_villager":2,"minecraft:interact_with_crafting_table":6,"minecraft:swim_one_cm":8231,"minecraft:fly_one_cm":190044,"minecraft:open_barrel":5,"minecraft:open_chest":8,"minecraft:crouch_one_cm":1717,"minecraft:play_time":45671,"minecraft:deaths":1,"minecraft:sneak_time":2180,"minecraft:walk_under_water_one_cm":807,"minecraft:jump":891,"minecraft:leave_game":2,"minecraft:time_since_death":22854,"minecraft:walk_on_water_one_cm":1442,"minecraft:total_world_time":45671,"minecraft:climb_one_cm":14284,"minecraft:fall_one_cm":29457},"minecraft:killed":{"minecraft:zombie":5,"minecraft:spider":3,"minecraft:iron_golem":1,"minecraft:creeper":1},"minecraft:crafted":{"minecraft:oak_planks":24,"minecraft:crafting_table":1,"minecraft:stick":8,"minecraft:wooden_pickaxe":1,"minecraft:stone_pickaxe":1,"minecraft:stone_axe":1,"minecraft:bread":23,"minecraft:wheat":36},"minecraft:used":{"minecraft:bread":11,"minecraft:stone_pickaxe":13,"minecraft:wooden_pickaxe":3,"minecraft:stone_axe":35,"minecraft:dirt":9,"minecraft:crafting_table":2,"minecraft:white_bed":2,"minecraft:potato":1},"minecraft:mined":{"minecraft:hay_block":4,"minecraft:white_bed":3,"twigs:tangerine_seashell":1,"minecraft:crafting_table":2,"minecraft:grass":10,"minecraft:bookshelf":4,"minecraft:grass_block":2,"minecraft:oak_log":6,"minecraft:vine":1,"minecraft:lectern":1,"minecraft:dirt":4,"minecraft:tall_grass":1,"minecraft:stone":7,"minecraft:sugar_cane":10,"minecraft:oak_leaves":5,"minecraft:spawner":2},"minecraft:dropped":{"twigs:tangerine_seashell":1,"minecraft:poppy":2,"minecraft:bread":6,"minecraft:crafting_table":1,"twigs:twig":1}},"DataVersion":3465}